期別,開獎日,兌獎截止,銷售金額,獎金總額,獎號_1,獎號_2,獎號_3,獎號_4,獎號_5,獎號_6,特別號,頭獎_中獎注數,貳獎_中獎注數,參獎_中獎注數,肆獎_中獎注數,伍獎_中獎注數,陸獎_中獎注數,柒獎_中獎注數,普獎_中獎注數,頭獎_單注獎金,貳獎_單注獎金,參獎_單注獎金,肆獎_單注獎金,伍獎_單注獎金,陸獎_單注獎金,柒獎_單注獎金,普獎_單注獎金,頭獎_累積至次期獎金,貳獎_累積至次期獎金,參獎_累積至次期獎金,肆獎_累積至次期獎金,伍獎_累積至次期獎金
105000071,105/08/12,105/11/12,78187550,63050329,08,35,43,33,20,42,10,0,0,17,66,1251,1911,21050,24088,0,0,81306,13961,2025,1000,400,400,35341581,2904787,0,0,0
105000070,105/08/09,105/11/09,79682500,43825375,15,37,35,17,45,30,41,0,0,36,76,1355,1770,18205,23493,0,0,42293,13355,2060,1000,400,400,18524607,1522570,0,0,0
105000069,105/08/05,105/11/05,106107950,306863197,27,40,02,35,22,01,33,1,1,32,84,1818,2605,26380,33497,271720432,1908214,59631,15144,1924,1000,400,400,0,0,0,0,0
105000068,105/08/02,105/11/02,100001650,284598110,15,04,20,22,28,29,01,0,2,38,126,1831,2834,26918,32659,0,1739451,44741,8995,1702,1000,400,400,248503825,0,0,0,0
105000067,105/07/29,105/10/29,98424000,260310379,28,09,27,15,30,41,13,0,0,27,95,1691,2272,23964,31575,0,0,65879,12482,1928,1000,400,400,227818467,1778736,0,0,0
105000066,105/07/26,105/10/26,95455250,239899326,35,41,19,22,09,15,37,0,1,27,88,1633,2434,23987,31133,0,3356285,62263,12735,1887,1000,400,400,206177179,0,0,0,0
105000065,105/07/22,105/10/22,92361650,216141278,17,10,33,02,49,27,15,0,0,28,95,1562,2184,22809,28929,0,0,59827,11755,1966,1000,400,400,185723757,1675182,0,0,0
105000064,105/07/19,105/10/19,88800350,193957335,07,46,40,33,45,13,39,0,1,32,94,1391,2280,22245,24891,0,1662347,51948,11789,2190,1000,400,400,165342371,0,0,0,0
105000063,105/07/15,105/10/15,89791000,175442258,29,24,25,35,33,38,49,0,1,23,63,1573,1960,19381,28508,0,3272930,73746,17948,1976,1000,400,400,145117143,0,0,0,0
105000062,105/07/12,105/10/12,84696350,151879481,42,31,46,43,25,34,05,0,0,12,50,1288,1962,21283,24571,0,0,131396,21023,2244,1000,400,400,124480445,1576763,0,0,0
105000061,105/07/08,105/10/08,69608650,132848889,13,10,09,19,35,23,38,0,1,25,81,1556,1810,18136,26093,0,4106336,45079,9275,1327,1000,400,400,105296489,0,0,0,0
105000060,105/07/05,105/10/05,82639550,121407315,09,17,40,06,15,47,24,0,0,23,72,1735,2025,19587,30092,0,0,61448,13086,1493,1000,400,400,91584785,2979347,0,0,0
105000059,105/07/01,105/10/01,82486250,100703497,41,34,20,43,24,08,32,0,0,28,60,1226,1838,18869,24703,0,0,55929,17400,2341,1000,400,400,74389525,1566038,0,0,0
105000058,105/06/28,105/09/28,80286000,83677088,25,46,45,08,39,07,38,0,1,28,61,1379,1932,20490,25697,0,2946623,50893,15574,1894,1000,400,400,55336060,0,0,0,0
105000057,105/06/24,105/09/24,83711450,65526768,17,14,39,41,27,28,18,0,0,32,57,1630,1905,19243,27698,0,0,47549,17796,1711,1000,400,400,37998195,1521593,0,0,0
105000056,105/06/21,105/09/21,84580050,48870124,36,27,02,49,35,34,26,0,1,28,69,1362,1927,19767,24982,0,3952642,57198,15473,2155,1000,400,400,19485471,0,0,0,0
105000055,105/06/17,105/09/17,136223550,216441691,17,21,31,10,07,20,49,1,0,51,106,2823,3078,32659,48991,170123753,0,46099,14786,1526,1000,400,400,0,2351097,0,0,0
105000054,105/06/14,105/09/14,121208400,181781727,33,12,37,35,13,16,18,0,2,39,98,2089,2854,30277,38833,0,1084998,55640,14761,1904,1000,400,400,141518739,0,0,0,0
105000053,105/06/10,105/09/10,159556600,169144369,23,04,48,22,15,13,03,0,1,49,138,2832,4023,41344,52479,0,2772235,56576,13392,1794,1000,400,400,115117107,0,0,0,0
105000052,105/06/07,105/09/07,133808550,129278753,05,39,31,08,44,23,19,0,1,59,133,2562,3243,32597,45454,0,5209540,39794,11768,1680,1000,400,400,81388239,0,0,0,0
105000051,105/06/03,105/09/03,81078500,83002475,10,03,41,33,27,44,07,0,0,30,73,1525,2438,23593,27128,0,0,43733,11981,1577,1000,400,400,52822389,2861662,0,0,0
105000050,105/05/31,105/08/31,80631300,62352701,01,46,32,05,02,45,43,0,0,24,61,1253,1576,17841,24518,0,0,64569,16936,2267,1000,400,400,36859644,1549656,0,0,0
105000049,105/05/27,105/08/27,81599000,46273864,02,24,13,39,09,16,41,0,1,36,75,1499,1870,18434,27427,0,2874317,41108,13154,1809,1000,400,400,18005486,0,0,0,0
105000048,105/05/24,105/08/24,87247350,161800184,08,21,13,33,39,06,45,1,0,47,114,1901,2697,22785,32337,130779518,0,29668,8154,1344,1000,400,400,0,1394414,0,0,0
105000047,105/05/20,105/08/20,92016150,145830157,40,25,43,10,05,30,26,0,1,62,77,2417,2214,22562,34751,0,1528180,24648,13231,1159,1000,400,400,113814142,0,0,0,0
105000046,105/05/17,105/08/17,86211150,124642635,02,42,03,20,23,34,40,0,2,20,75,1480,1809,18845,27994,0,1616868,80614,14331,1997,1000,400,400,95221275,0,0,0,0
105000045,105/05/13,105/08/13,87427100,103962366,10,31,35,38,22,03,37,0,0,42,79,1433,1924,20073,27769,0,0,38605,13683,2074,1000,400,400,75605057,1621446,0,0,0
105000044,105/05/10,105/08/10,83991450,90270795,36,38,22,03,04,08,07,0,1,28,97,1879,2699,24200,32659,0,4592666,44470,8557,1214,1000,400,400,55877461,0,0,0,0
105000043,105/05/06,105/08/06,86415650,69200332,26,48,01,42,39,37,41,0,0,24,53,1408,1741,17579,25992,0,0,70898,21403,2215,1000,400,400,40727993,3347505,0,0,0
105000042,105/05/03,105/08/03,85272300,46899765,40,01,07,17,43,41,33,0,0,21,47,1383,1712,18298,26090,0,0,78378,23346,2181,1000,400,400,20025772,1645953,0,0,0
105000041,105/04/29,105/07/29,89113500,131264939,08,27,36,31,14,40,03,1,2,35,125,1785,2612,25327,29895,100000000,729348,41677,7779,1498,1000,400,400,0,0,0,0,0
105000040,105/04/26,105/07/26,87182050,89454537,12,06,34,43,21,25,28,0,1,35,97,1694,2377,22646,29190,0,1490323,42580,10242,1612,1000,400,400,59636680,0,0,0,0
105000039,105/04/22,105/07/22,88915050,71805755,48,33,46,19,12,23,29,0,1,27,75,1292,1984,21425,26211,0,3411320,61921,14861,2372,1000,400,400,41504410,0,0,0,0
105000038,105/04/19,105/07/19,89065600,48986080,12,41,47,46,39,21,14,0,0,37,69,1356,1892,19556,25703,0,0,47011,16806,2351,1000,400,400,21163050,1739428,0,0,0
105000037,105/04/15,105/07/15,86552500,133063661,28,47,13,45,17,09,03,1,2,34,80,1491,2394,23629,27951,100000000,2438153,43372,12288,1813,1000,400,400,0,0,0,0,0
105000036,105/04/12,105/07/12,91910900,72070852,19,11,49,45,39,14,23,0,0,20,56,1334,1917,21457,26494,0,0,88360,21038,2428,1000,400,400,41386562,3401634,0,0,0
105000035,105/04/08,105/07/08,92206050,50713327,36,45,07,30,13,02,43,0,0,29,90,1937,2051,20074,33481,0,0,56359,12106,1546,1000,400,400,19885438,1634419,0,0,0
105000034,105/04/05,105/07/05,84458400,129726565,14,32,38,43,23,26,03,1,2,36,97,1929,2410,22539,30287,100000000,687351,38186,9448,1306,1000,400,400,0,0,0,0,0
105000033,105/04/01,105/07/01,93219200,92485681,39,12,16,29,08,37,40,0,1,43,86,2103,2103,20443,35433,0,3386836,37419,12473,1402,1000,400,400,59013840,0,0,0,0
105000032,105/03/29,105/06/29,91748600,68269050,47,18,46,01,34,17,25,0,0,24,68,1415,2026,20883,26131,0,0,74075,17429,2303,1000,400,400,39437314,1777807,0,0,0
105000031,105/03/25,105/06/25,80849800,44467390,37,41,07,11,40,22,20,0,1,26,54,1319,1973,19731,25521,0,1463615,56292,18069,2034,1000,400,400,17807320,0,0,0,0
105000030,105/03/22,105/06/22,111989150,256922374,33,07,16,20,30,11,06,2,3,29,123,2490,3202,30885,40209,106842386,1769190,61974,9741,1323,1000,400,400,0,0,0,0,0
105000029,105/03/18,105/06/18,103764450,229352083,04,18,01,03,25,47,13,0,0,40,103,2012,2621,27281,35910,0,0,43759,11329,1594,1000,400,400,191818037,3510305,0,0,0
105000028,105/03/15,105/06/15,95672100,201728968,14,48,06,30,42,47,18,0,0,21,81,1423,2398,23605,28619,0,0,83805,14484,2267,1000,400,400,170521713,1759923,0,0,0
105000027,105/03/11,105/06/11,92320450,180798717,09,34,49,36,16,30,31,0,1,25,69,1484,2061,21846,28449,0,3504981,68633,16578,2119,1000,400,400,149109313,0,0,0,0
105000026,105/03/08,105/06/08,97870400,160294086,03,30,27,39,41,35,32,0,0,53,94,1678,2296,23226,31058,0,0,33757,12688,1954,1000,400,400,128233323,1789147,0,0,0
105000025,105/03/04,105/06/04,98780700,143984464,29,07,05,12,22,17,04,0,1,50,144,2206,3178,28362,36465,0,3113975,30264,7005,1257,1000,400,400,106465366,0,0,0,0
105000024,105/03/01,105/06/01,94448000,120525069,34,17,23,14,07,22,12,0,0,23,93,1721,2557,26429,30347,0,0,69597,11474,1705,1000,400,400,88054339,1600740,0,0,0
105000023,105/02/26,105/05/26,96345750,101725999,03,46,21,09,17,41,27,0,1,37,82,1958,2453,25163,33225,0,1630917,44078,13259,1527,1000,400,400,68578669,0,0,0,0
105000022,105/02/23,105/05/23,104476300,84904081,20,14,19,43,45,10,22,0,1,28,94,1774,2525,25801,31480,0,4005684,68624,13627,1985,1000,400,400,48735837,0,0,0,0
105000021,105/02/19,105/05/19,111042650,61073457,23,20,44,30,11,39,49,0,0,30,83,1878,2331,24357,35657,0,0,69473,16740,2034,1000,400,400,25357905,2084211,0,0,0
105000020,105/02/16,105/05/16,148062400,181434320,23,33,11,34,40,29,06,1,2,43,115,2731,3550,37316,47717,132025917,1316133,61215,15259,1767,1000,400,400,0,0,0,0,0
105000019,105/02/14,105/05/14,232629200,234513809,21,03,26,16,20,01,22,1,1,116,196,4501,5762,56846,79404,155977112,4061043,35008,13813,1654,1000,400,400,0,0,0,0,0
105000018,105/02/13,105/05/13,226612550,185532564,06,18,29,35,04,48,20,0,1,86,197,4024,5328,54037,71985,0,8758993,48069,13989,1883,1000,400,400,106567749,0,0,0,0
105000017,105/02/12,105/05/12,268127850,147470317,32,22,06,10,11,45,04,0,0,112,245,5051,6998,68580,89893,0,0,41294,12584,1678,1000,400,400,56270675,4624987,0,0,0
105000016,105/02/11,105/05/11,245501750,197112428,03,34,13,48,29,30,28,1,2,87,222,4340,6161,62609,78706,110178481,4527882,49888,13034,1833,1000,400,400,0,0,0,0,0
105000015,105/02/10,105/05/10,259934300,142963865,19,32,22,47,18,44,09,0,0,78,194,4487,6215,62880,82516,0,0,60454,16204,1926,1000,400,400,57371039,4715427,0,0,0
105000014,105/02/09,105/05/09,307177450,225999514,31,25,09,24,45,37,12,1,1,97,290,5713,8086,79954,99428,122101338,5346527,55118,12290,1715,1000,400,400,0,0,0,0,0
105000013,105/02/08,105/05/08,291630750,160396912,27,12,08,32,13,16,24,0,4,135,346,6315,8866,77716,105728,0,1172299,34734,9035,1361,1000,400,400,57051917,0,0,0,0
105000012,105/02/07,105/05/07,280857400,346119645,21,11,04,37,35,25,43,1,1,105,231,5267,6649,66260,93493,252910675,5035282,47955,14531,1752,1000,400,400,0,0,0,0,0
105000011,105/02/05,105/05/05,124071700,233041151,41,05,30,04,26,38,28,0,2,40,87,2195,2966,32301,38943,0,1103275,55163,16908,1842,1000,400,400,191648075,0,0,0,0
105000010,105/02/02,105/05/02,106065000,202610528,48,15,21,26,43,23,34,0,1,23,98,1684,2479,25863,31567,0,5452014,85786,13422,2148,1000,400,400,164801716,0,0,0,0
105000009,105/01/29,105/04/29,93319250,171812844,16,38,35,45,48,44,27,0,0,31,77,1405,2068,20987,26880,0,0,58278,15641,2357,1000,400,400,140795849,3478929,0,0,0
105000008,105/01/26,105/04/26,91071600,148558248,17,46,35,11,13,39,02,0,0,21,65,1434,2256,22232,27673,0,0,79632,17151,2137,1000,400,400,118814975,1672282,0,0,0
105000007,105/01/22,105/04/22,89654950,126549652,46,20,10,17,15,43,37,0,1,25,58,1356,1822,20223,25794,0,1744885,69795,20056,2359,1000,400,400,98468868,0,0,0,0
105000006,105/01/19,105/04/19,91701500,109656257,14,09,46,04,23,44,41,0,1,40,77,1977,2111,21489,32788,0,3006081,39921,13825,1480,1000,400,400,77239430,0,0,0,0
105000005,105/01/15,105/04/15,89039900,89637376,27,11,42,06,16,17,35,0,0,46,127,2040,2555,24037,33287,0,0,30635,7397,1266,1000,400,400,57811192,1409240,0,0,0
105000004,105/01/12,105/04/12,91661100,70018679,18,15,05,44,40,39,37,0,1,30,67,1562,1995,20820,28102,0,1730988,57699,17223,2031,1000,400,400,40665431,0,0,0,0
105000003,105/01/08,105/04/08,91812850,51924170,13,28,44,03,48,10,01,0,1,28,66,1676,2230,23314,30213,0,3038479,57549,16276,1762,1000,400,400,19605074,0,0,0,0
105000002,105/01/05,105/04/05,89421200,131818567,07,33,15,25,03,01,21,1,0,36,100,2021,2385,23183,34346,100000000,0,39641,9514,1294,1000,400,400,0,1427103,0,0,0
105000001,105/01/01,105/04/01,88202800,86412039,16,41,29,19,24,43,32,0,1,44,61,1390,1861,18602,26302,0,5990409,39121,18812,2270,1000,400,400,54574352,0,0,0,0
104000109,104/12/29,105/03/29,85596250,66355026,08,30,32,42,13,01,11,0,0,27,92,1519,2484,24730,27820,0,0,52386,10249,1707,1000,400,400,33631426,4269073,0,0,0
104000108,104/12/25,105/03/25,87512200,49636557,12,07,03,16,30,11,13,0,0,49,89,2476,2462,22087,35846,0,0,27546,10110,999,1000,400,400,16422452,2854637,0,0,0
104000107,104/12/22,105/03/22,87254900,129681215,29,49,37,12,13,08,43,1,0,30,92,1735,2131,19489,32457,100000000,0,50161,10904,1590,1000,400,400,0,1504847,0,0,0
104000106,104/12/18,105/03/18,85470150,83806164,25,18,15,06,05,11,31,0,4,63,104,2165,2331,21607,33773,0,337883,21452,8663,1144,1000,400,400,53241256,0,0,0,0
104000105,104/12/15,105/03/15,86216800,66190465,22,18,31,23,11,04,19,0,1,32,91,1749,2104,21266,30288,0,1481618,46300,10854,1553,1000,400,400,36797582,0,0,0,0
104000104,104/12/11,105/03/11,88603650,48732007,42,25,01,43,04,29,11,0,2,18,88,1365,2410,25332,26188,0,771420,85713,11688,2072,1000,400,400,18771225,0,0,0,0
104000103,104/12/08,105/03/08,87234000,137126991,15,08,40,43,36,32,03,1,1,31,113,2012,2664,24631,30305,100000000,7587128,45174,8262,1276,1000,400,400,0,0,0,0,0
104000102,104/12/04,105/03/04,88086600,88238083,16,21,34,47,37,41,29,0,0,25,45,1368,1780,19012,24427,0,0,70300,26037,2355,1000,400,400,56744445,6186710,0,0,0
104000101,104/12/01,105/03/01,84806250,66394721,41,37,13,06,19,15,22,0,0,31,82,1594,2067,21159,26867,0,0,49095,12373,1750,1000,400,400,35361264,4429189,0,0,0
104000100,104/11/27,105/02/27,83245550,47307836,04,41,05,23,40,25,11,0,0,23,78,1456,2269,23421,27684,0,0,60193,11832,1743,1000,400,400,16844057,2907227,0,0,0
104000099,104/11/24,105/02/24,85258450,128364932,48,01,09,29,28,13,45,2,0,29,75,1504,1946,19449,29467,50000000,0,52509,13535,1856,1000,400,400,0,1522784,0,0,0
104000098,104/11/20,105/02/20,83921900,65965362,40,09,04,10,39,42,08,0,1,51,109,1993,2404,24827,30423,0,1299182,25474,7946,1195,1000,400,400,35615039,0,0,0,0
104000097,104/11/17,105/02/17,87144150,47929282,02,44,07,47,31,26,36,0,1,31,72,1377,1939,20580,26559,0,1628080,52518,15074,2167,1000,400,400,19808317,0,0,0,0
104000096,104/11/13,105/02/13,109382100,264421744,33,18,16,11,31,01,19,1,1,39,99,2019,2656,27259,37126,225781061,3563150,48846,12828,1729,1000,400,400,0,0,0,0,0
104000095,104/11/10,105/02/10,103774350,239505285,07,27,45,11,10,28,21,0,0,57,126,2345,3015,26894,39169,0,0,29090,8773,1296,1000,400,400,202603448,1658141,0,0,0
104000094,104/11/06,105/02/06,104016400,217106024,30,45,27,49,08,24,42,0,1,21,80,1766,2154,23568,31291,0,3625632,94604,16555,2062,1000,400,400,182429393,0,0,0,0
104000093,104/11/03,105/02/03,93696350,189850521,28,45,08,16,48,22,13,0,0,29,75,1642,2296,24135,30668,0,0,56515,14568,1829,1000,400,400,158258057,1638947,0,0,0
104000092,104/10/30,105/01/30,95108000,173835652,15,08,20,03,06,30,40,0,1,66,131,2594,2603,22782,38550,0,3095867,22885,7686,1067,1000,400,400,138317529,0,0,0,0
104000091,104/10/27,105/01/27,91902900,151197734,07,17,34,08,10,36,43,0,0,27,82,1938,2166,20333,34558,0,0,58720,12889,1499,1000,400,400,119940801,1585451,0,0,0
104000090,104/10/23,105/01/23,89506300,128634659,01,41,16,43,47,46,25,0,2,26,71,1528,1889,19718,25874,0,873079,67159,16395,2095,1000,400,400,100651139,0,0,0,0
104000089,104/10/20,105/01/20,89829200,115240195,32,12,37,17,39,38,27,0,2,43,93,1600,2710,24038,29099,0,3263267,35499,10942,1749,1000,400,400,79406194,0,0,0,0
104000088,104/10/16,105/01/16,93647500,93090480,31,20,29,44,25,40,21,0,0,18,60,1431,1831,20011,27437,0,0,102319,20463,2359,1000,400,400,60834075,5000060,0,0,0
104000087,104/10/13,105/01/13,89254000,68143018,24,29,32,44,49,31,39,0,0,33,74,1661,1863,20310,26456,0,0,51855,15416,1888,1000,400,400,38426050,3158305,0,0,0
104000086,104/10/09,105/01/09,83547500,45951125,35,02,08,27,22,43,24,0,0,32,77,1522,2033,21218,28282,0,0,45221,12528,1743,1000,400,400,17606231,1447087,0,0,0
104000085,104/10/06,105/01/06,90126650,131867408,08,10,28,03,38,47,13,1,1,32,96,1964,2518,23829,33176,100000000,1454979,45468,10104,1358,1000,400,400,0,0,0,0,0
104000084,104/10/02,105/01/02,93075000,53069195,44,11,45,36,41,15,35,0,1,45,81,1621,2188,21204,29456,0,3602300,38319,14192,1950,1000,400,400,20979652,0,0,0,0
104000083,104/09/29,104/12/29,103286350,146899155,01,35,03,25,44,31,15,1,0,32,97,1572,2510,25995,31501,100000000,0,108685,22906,7190,2000,400,400,0,1877945,0,0,0
104000082,104/09/25,104/12/25,183553350,508311909,13,38,25,21,09,39,02,3,2,88,186,3944,4684,45882,65161,138115453,1655594,85354,21151,6446,2000,400,400,0,0,0,0,0
104000081,104/09/22,104/12/22,146848300,421956920,47,46,06,10,39,44,30,0,4,58,105,2179,2898,32053,41717,0,725408,50028,18423,2441,1000,400,400,376493567,0,0,0,0
104000080,104/09/18,104/12/18,119009400,284107050,16,06,17,41,37,36,28,0,1,42,120,2099,3128,31879,38639,0,4416301,48742,11373,1788,1000,400,400,241190355,0,0,0,0
104000079,104/09/15,104/12/15,124085200,255705544,44,13,30,34,31,02,39,0,0,34,93,1912,2719,28950,36157,0,0,69679,16982,2271,1000,400,400,216282777,2369103,0,0,0
104000078,104/09/11,104/12/11,117633700,227734095,41,10,05,29,18,44,30,0,1,32,120,2228,3085,30831,39562,0,2007380,62730,11152,1651,1000,400,400,187458684,0,0,0,0
104000077,104/09/08,104/12/08,108396300,201475667,08,31,43,28,36,32,09,0,2,66,104,2509,2846,29535,39868,0,870322,26373,11157,1271,1000,400,400,163035560,0,0,0,0
104000076,104/09/04,104/12/04,104898300,173998800,20,49,46,19,44,47,09,0,1,28,83,1732,2196,23252,27983,0,2100243,75008,16869,2223,1000,400,400,141857702,0,0,0,0
104000075,104/09/01,104/12/01,91256650,151715242,20,48,40,18,19,09,03,0,2,30,67,1528,2282,23676,28877,0,3230417,53775,16052,1935,1000,400,400,116304735,0,0,0,0
104000074,104/08/28,104/11/28,85272950,129633487,15,11,46,40,08,12,16,0,0,10,72,1611,2178,22156,30185,0,0,142714,13214,1624,1000,400,400,96676527,4847558,0,0,0
104000073,104/08/25,104/11/25,89369750,108603404,45,22,13,26,47,15,49,0,0,18,63,1384,1684,18412,26580,0,0,98241,18712,2342,1000,400,400,79312950,3420415,0,0,0
104000072,104/08/21,104/11/21,93314500,89020862,20,10,15,21,36,27,45,0,0,44,64,1975,2141,20587,33532,0,0,37546,17208,1533,1000,400,400,57797980,1652062,0,0,0
104000071,104/08/18,104/11/18,87547500,66471655,29,49,30,08,20,42,21,0,1,32,74,1603,2028,21203,27744,0,1592659,49770,14348,1821,1000,400,400,37697887,0,0,0,0
104000070,104/08/14,104/11/14,88325850,50120770,13,23,42,05,24,14,35,0,4,28,88,1892,2139,21217,32142,0,761837,53778,11407,1459,1000,400,400,18320530,0,0,0,0
104000069,104/08/11,104/11/11,88240300,129776593,45,43,46,02,35,01,14,1,0,38,81,1813,2434,22117,28897,100000000,0,40567,12687,1558,1000,400,400,0,1541553,0,0,0
104000068,104/08/07,104/11/07,91110050,69485139,25,36,28,27,37,26,38,0,7,55,134,2075,2503,21340,32311,0,434330,28524,7805,1386,1000,400,400,36990525,0,0,0,0
104000067,104/08/04,104/11/04,87468050,48107427,48,12,03,19,17,38,43,0,0,35,71,1790,2285,21342,31902,0,0,42042,13816,1507,1000,400,400,17903123,1471489,0,0,0
104000066,104/07/31,104/10/31,135902550,357878206,30,40,13,16,32,18,29,1,1,37,89,2140,3016,32778,39463,312162640,4808025,69460,19251,2201,1000,400,400,0,0,0,0,0
104000065,104/07/28,104/10/28,121792650,320650954,49,32,06,27,15,44,16,0,0,45,92,2287,2705,27576,39877,0,0,49733,16217,1794,1000,400,400,280893819,2237985,0,0,0
104000064,104/07/24,104/10/24,119557850,293349560,25,10,12,42,33,39,29,0,1,42,100,2102,2899,29720,38136,0,2142925,51022,14286,1869,1000,400,400,253664997,0,0,0,0
104000063,104/07/21,104/10/21,114050650,267656687,16,44,40,09,08,39,28,0,1,53,126,2469,3301,31540,39411,0,1862787,35146,9856,1383,1000,400,400,227592743,0,0,0,0
104000062,104/07/17,104/10/17,109929200,242510187,33,04,27,07,20,40,38,0,1,48,107,2138,2771,27983,37887,0,1880523,39177,11716,1612,1000,400,400,204928830,0,0,0,0
104000061,104/07/14,104/10/14,103961200,216377722,45,30,10,12,14,19,41,0,1,34,81,1970,2298,23338,35610,0,1878087,55237,15457,1747,1000,400,400,182049127,0,0,0,0
104000060,104/07/10,104/10/10,91289250,189853284,06,05,26,13,47,29,33,0,1,33,84,1856,2116,20827,32437,0,1607249,48704,12755,1587,1000,400,400,159199062,0,0,0,0
104000059,104/07/07,104/10/07,96455500,183492919,46,33,01,27,14,42,41,0,1,32,75,1702,1951,20003,29929,0,15388309,58362,16600,2011,1000,400,400,139644197,0,0,0,0
104000058,104/07/03,104/10/03,95468350,158646433,21,23,29,41,46,28,24,0,0,31,86,1538,1954,21327,28147,0,0,59543,14308,2200,1000,400,400,116921688,13520706,0,0,0
104000057,104/06/30,104/09/30,92409000,133287531,18,35,19,48,46,32,47,0,0,28,69,1492,1943,20390,26890,0,0,64221,17373,2209,1000,400,400,94463974,11674867,0,0,0
104000056,104/06/26,104/09/26,98944450,118092158,06,12,05,41,29,28,07,0,0,42,129,2215,3282,30069,38313,0,0,33978,7375,1181,1000,400,400,72585911,9876670,0,0,0
104000055,104/06/23,104/09/23,96565950,93475767,45,02,13,35,33,43,05,0,0,31,79,1649,2174,23594,29989,0,0,57104,14938,1968,1000,400,400,55223119,8449592,0,0,0
104000054,104/06/19,104/09/19,180718250,135397743,18,11,05,25,38,03,15,0,0,83,197,4073,5607,52240,66870,0,0,83357,19369,6246,2000,400,400,33685147,6679348,0,0,0
104000053,104/06/16,104/09/16,131255600,236367946,35,41,04,25,03,45,07,1,0,45,104,2206,3626,34630,40410,190720037,0,51398,14826,1922,1000,400,400,0,3910706,0,0,0
104000052,104/06/12,104/09/12,96869950,96418240,28,08,24,22,19,26,18,0,0,47,92,2025,2565,25710,34499,0,0,33995,11578,1446,1000,400,400,62579574,1597792,0,0,0
104000051,104/06/09,104/09/09,96829200,84464281,37,03,20,27,44,34,12,0,2,35,84,1476,2521,26627,28322,0,5392632,49295,13693,2143,1000,400,400,43139768,0,0,0,0
104000050,104/06/05,104/09/05,96573300,60354847,41,08,48,32,21,35,34,0,0,16,79,1718,2048,20467,31351,0,0,113775,15362,1942,1000,400,400,22148283,9059938,0,0,0
104000049,104/06/02,104/09/02,209943200,564050805,07,01,20,19,46,47,13,1,0,70,169,3550,4887,50741,66715,491586006,0,54513,15053,1970,1000,400,400,0,7239532,0,0,0
104000048,104/05/29,104/08/29,197116950,511919345,02,34,32,11,28,05,24,0,0,67,165,3744,4908,48868,67249,0,0,51098,13832,1676,1000,400,400,445158474,3423571,0,0,0
104000047,104/05/26,104/08/26,168554400,464170448,10,26,45,11,02,20,30,0,3,88,201,3863,5422,46620,61863,0,877794,29924,8734,1249,1000,400,400,403505023,0,0,0,0
104000046,104/05/22,104/08/22,146169250,423379208,23,03,43,28,37,21,05,0,1,34,143,2645,4413,42554,49864,0,2340773,68846,10912,1622,1000,400,400,371465528,0,0,0,0
104000045,104/05/19,104/08/19,152802300,396055202,46,16,15,42,29,39,14,0,1,48,97,2347,3188,34748,44790,0,7767886,61297,20221,2298,1000,400,400,342986121,0,0,0,0
104000044,104/05/15,104/08/15,146249150,359771173,27,32,18,06,29,03,40,0,0,57,149,3134,3677,34609,53874,0,0,43544,11105,1451,1000,400,400,307188334,4825603,0,0,0
104000043,104/05/12,104/08/12,136995100,323824122,01,23,29,31,13,33,17,0,0,59,132,2728,3551,35122,46719,0,0,39721,11836,1574,1000,400,400,276990547,2343594,0,0,0
104000042,104/05/08,104/08/08,126275600,288270118,44,15,02,28,10,49,39,0,1,33,101,2090,2625,27912,37585,0,2437666,73868,16090,2138,1000,400,400,248476817,0,0,0,0
104000041,104/05/05,104/08/05,116785200,254266747,44,41,28,42,49,08,30,0,2,31,74,1707,2267,24713,31625,0,1182889,76315,21313,2540,1000,400,400,218818538,0,0,0,0
104000040,104/05/01,104/08/01,110751700,228307201,15,49,25,29,47,08,09,0,1,36,93,1920,3015,31469,35739,0,1860914,51692,13339,1776,1000,400,400,190034887,0,0,0,0
104000039,104/04/28,104/07/28,113853600,210540360,03,44,36,26,12,05,23,0,2,42,130,2328,3264,32444,40718,0,2149375,42986,9258,1421,1000,400,400,167393766,0,0,0,0
104000038,104/04/24,104/07/24,129514500,186325268,13,25,41,46,35,31,49,0,0,54,106,2196,2655,27141,40416,0,0,46172,15681,2081,1000,400,400,145427570,2493310,0,0,0
104000037,104/04/21,104/07/21,113047450,155330506,01,22,03,33,29,11,30,0,1,67,145,2944,3251,29405,42778,0,1803113,26912,8290,1122,1000,400,400,115092293,0,0,0,0
104000036,104/04/17,104/07/17,110597800,129254165,47,45,26,36,33,32,39,0,1,30,102,1836,2777,26840,33601,0,2032523,67750,13284,2029,1000,400,400,93154409,0,0,0,0
104000035,104/04/14,104/07/14,108548650,105307948,38,01,48,49,23,22,11,0,1,75,101,2393,2765,27123,37071,0,1875549,25007,12379,1436,1000,400,400,68425375,0,0,0,0
104000034,104/04/10,104/07/10,104984000,85084057,44,17,10,11,42,20,13,0,2,30,76,1833,2269,23484,33084,0,3842108,65690,17286,1971,1000,400,400,45606191,0,0,0,0
104000033,104/04/07,104/07/07,99899700,58880597,17,47,11,45,19,33,04,0,0,33,99,1724,2506,25393,31631,0,0,53871,11971,1890,1000,400,400,21629341,5713516,0,0,0
104000032,104/04/03,104/07/03,99212500,132272683,36,13,43,32,42,40,41,1,0,32,81,1529,2212,20321,27560,100000000,0,62254,16396,2388,1000,400,400,0,3935762,0,0,0
104000031,104/03/31,104/06/30,104815600,79772905,02,32,43,13,25,04,15,0,0,37,86,1837,2387,24023,33147,0,0,52530,15066,1939,1000,400,400,45771638,1943614,0,0,0
104000030,104/03/27,104/06/27,105980900,58289495,12,36,24,13,18,15,39,0,1,62,126,2288,2723,26100,37048,0,1818437,29329,9621,1457,1000,400,400,22124325,0,0,0,0
104000029,104/03/24,104/06/24,198896200,532967873,09,04,06,17,03,24,28,1,7,117,269,4923,6315,57951,76333,459610909,423122,25315,7340,1103,1000,400,400,0,0,0,0,0
104000028,104/03/20,104/06/20,191800850,491835236,04,13,07,29,09,46,08,0,3,72,210,3836,5587,56041,66217,0,1020005,42500,9714,1462,1000,400,400,423574963,0,0,0,0
104000027,104/03/17,104/06/17,188401800,448652001,36,42,49,05,32,40,01,0,2,51,178,3176,4560,47116,59051,0,1697825,66581,12717,1960,1000,400,400,386344769,0,0,0,0
104000026,104/03/13,104/06/13,179903650,408675213,06,22,09,14,33,16,11,0,1,76,215,3523,5399,49748,63222,0,2901600,38178,8997,1509,1000,400,400,345031011,0,0,0,0
104000025,104/03/10,104/06/10,166029250,363415942,11,25,46,47,03,34,42,0,2,49,113,2942,3630,36926,53425,0,1546370,63117,18246,1927,1000,400,400,309728206,0,0,0,0
104000024,104/03/06,104/06/06,159530900,323857380,44,22,21,06,37,35,29,0,1,44,141,2730,3667,38035,48918,0,2957627,67218,13984,1986,1000,400,400,272099855,0,0,0,0
104000023,104/03/03,104/06/03,160980800,290455547,43,46,41,06,11,04,21,0,3,56,113,2613,3526,36589,48339,0,2041363,54688,18068,2148,1000,400,400,236115385,0,0,0,0
104000022,104/02/27,104/05/27,169047550,254581758,02,06,43,38,27,34,45,0,0,60,147,3211,4065,39246,55467,0,0,51025,13884,1748,1000,400,400,198854550,3061557,0,0,0
104000021,104/02/24,104/05/24,279119350,253515642,46,39,28,03,48,41,09,0,2,97,255,4698,6698,70527,85539,0,2531737,52200,13237,1975,1000,400,400,161605606,0,0,0,0
104000020,104/02/23,104/05/23,239724800,179929259,21,20,43,38,32,14,23,1,2,78,193,4053,6175,62193,74185,100000000,2133673,54709,14740,1930,1000,400,400,0,0,0,0,0
104000019,104/02/22,104/05/22,260782600,207098169,06,03,12,37,34,43,28,1,6,127,319,5293,7172,67609,89386,117293852,734604,34705,9211,1526,1000,400,400,0,0,0,0,0
104000018,104/02/21,104/05/21,308408150,169624482,27,17,40,02,11,05,20,0,3,119,298,6014,8366,79050,106056,0,1744321,43974,11706,1595,1000,400,400,63667739,0,0,0,0
104000017,104/02/20,104/05/20,559593750,614407269,10,45,29,05,09,28,41,3,11,250,465,11679,13415,134238,200594,141247901,875065,38502,13800,1511,1000,400,400,0,0,0,0,0
104000016,104/02/19,104/05/19,516089850,476305046,25,40,07,49,31,27,11,0,4,137,444,8821,12392,127209,160424,0,2346063,68498,14090,1950,1000,400,400,306630707,0,0,0,0
104000015,104/02/18,104/05/18,487544550,357069741,15,27,06,16,03,31,14,0,6,195,445,9418,12301,121183,163865,0,1418293,43639,12748,1656,1000,400,400,192455629,0,0,0,0
104000014,104/02/17,104/05/17,170542250,146421772,11,15,23,46,40,03,13,0,1,61,140,2834,3689,40333,53489,0,5241841,51718,15022,2040,1000,400,400,88920239,0,0,0,0
104000013,104/02/13,104/05/13,122228700,92370288,25,01,29,09,15,35,38,0,0,49,111,2581,3153,30329,42894,0,0,42592,12534,1482,1000,400,400,50536520,2087015,0,0,0
104000012,104/02/10,104/05/10,114223500,65338002,29,14,44,26,15,35,09,0,1,32,103,1853,2866,29765,34016,0,4581748,64583,13376,2044,1000,400,400,25144503,0,0,0,0
104000011,104/02/06,104/05/06,133167200,249232969,11,42,05,29,46,36,48,1,0,38,93,2162,2878,29984,41131,206591119,0,66186,18029,2132,1000,400,400,0,2515077,0,0,0
104000010,104/02/03,104/05/03,122413900,219348780,30,13,16,18,05,15,08,0,1,32,135,2330,3715,35917,41026,0,1970126,61566,9729,1550,1000,400,400,175991009,0,0,0,0
104000009,104/01/30,104/04/30,121710950,202564513,35,14,24,39,03,44,28,0,2,31,94,1987,2997,31045,37383,0,6247442,70786,15562,2024,1000,400,400,152021135,0,0,0,0
104000008,104/01/27,104/04/27,114568350,174336796,45,04,27,15,09,21,06,0,0,48,101,2307,3304,31919,40456,0,0,38448,12181,1466,1000,400,400,125322975,10300516,0,0,0
104000007,104/01/23,104/04/23,113354400,147861942,20,16,39,42,38,08,29,0,0,38,124,2274,2848,28301,38773,0,0,51579,10537,1580,1000,400,400,102869203,8455001,0,0,0
104000006,104/01/20,104/04/20,112155650,120113208,47,35,28,45,09,24,48,0,0,31,79,2046,2442,26104,36279,0,0,66368,17362,1843,1000,400,400,79022060,6494962,0,0,0
104000005,104/01/16,104/04/16,114578150,93243863,02,46,17,32,38,28,49,0,0,37,97,2059,2412,24969,37300,0,0,57889,14720,1907,1000,400,400,53990063,4437538,0,0,0
104000004,104/01/13,104/04/13,118302200,65066210,46,14,22,37,02,16,49,0,0,30,87,2047,2412,24141,36843,0,0,76521,17591,2056,1000,400,400,27930245,2295636,0,0,0
104000003,104/01/09,104/04/09,236369500,408289487,18,07,24,21,23,08,11,1,2,132,320,4997,7238,68033,84928,323240264,1847424,27991,7697,1355,1000,400,400,0,0,0,0,0
104000002,104/01/06,104/04/06,189137700,339303949,16,37,43,11,30,29,13,0,1,53,165,3260,3991,42975,59824,0,3534908,66696,14282,1987,1000,400,400,278286262,0,0,0,0
104000001,104/01/02,104/04/02,155706550,289411837,31,23,48,29,22,13,06,0,1,38,115,2525,4179,38884,47564,0,5530538,74021,16306,2042,1000,400,400,235278214,0,0,0,0
103000108,103/12/30,104/03/30,139737900,244845838,48,49,07,44,32,30,45,0,0,52,99,2344,3215,29986,40878,0,0,52263,18301,2125,1000,400,400,201055521,2717714,0,0,0
103000107,103/12/26,104/03/26,124385000,206763342,49,32,42,45,09,27,30,0,1,46,94,2357,2460,26877,36501,0,2436033,52957,17276,1894,1000,400,400,167989993,0,0,0,0
103000106,103/12/23,104/03/23,113913800,175853938,32,39,03,31,30,27,35,0,1,35,94,1960,2725,26595,37093,0,2067143,59061,14660,1933,1000,400,400,138351592,0,0,0,0
103000105,103/12/19,104/03/19,106154200,148583315,09,01,24,41,32,49,40,0,1,22,89,1732,2256,23366,31905,0,3873280,92782,15290,2160,1000,400,400,113201348,0,0,0,0
103000104,103/12/16,104/03/16,103940850,123243902,35,45,34,32,17,28,08,0,0,26,93,1829,2570,26246,33912,0,0,70463,13133,1836,1000,400,400,88366449,1832056,0,0,0
103000103,103/12/12,104/03/12,103420750,104199451,24,08,29,32,07,48,37,0,2,38,80,1925,2456,24554,34961,0,2715469,48346,15309,1749,1000,400,400,66076435,0,0,0,0
103000102,103/12/09,104/03/09,98502900,78620189,41,23,09,07,43,33,24,0,0,31,80,1715,2372,25063,32061,0,0,56041,14477,1857,1000,400,400,43724265,3593774,0,0,0
103000101,103/12/05,104/03/05,99073200,54490260,47,30,11,34,37,18,17,0,0,21,85,1674,2195,24207,29178,0,0,88403,14560,2033,1000,400,400,22587119,1856475,0,0,0
103000100,103/12/02,104/03/02,95229550,132565183,11,26,42,13,09,23,47,1,1,33,75,1950,2179,21887,35760,100000000,1628307,49342,14473,1530,1000,400,400,0,0,0,0,0
103000099,103/11/28,104/02/28,104249600,57337280,35,44,01,40,10,21,36,0,1,35,81,1585,2352,24442,31731,0,1950964,55741,16057,2256,1000,400,400,23736738,0,0,0,0
103000098,103/11/25,104/02/25,144285700,320892077,15,32,16,01,44,48,40,2,1,31,101,2175,2944,29145,41375,138362345,2892308,93300,19091,2437,1000,400,400,0,0,0,0,0
103000097,103/11/21,104/02/21,137759000,285472166,03,32,02,34,26,22,40,0,2,38,100,2337,2810,29751,43635,0,1308091,68846,17441,2052,1000,400,400,241534942,0,0,0,0
103000096,103/11/18,104/02/18,123248900,256386049,12,20,43,11,28,26,06,0,1,65,156,2466,3850,36060,43814,0,4164400,29526,8201,1426,1000,400,400,209704716,0,0,0,0
103000095,103/11/14,104/02/14,116312350,223009627,44,15,41,29,16,34,49,0,0,43,108,2010,2448,24412,35849,0,0,52213,13859,2047,1000,400,400,186353991,2245163,0,0,0
103000094,103/11/11,104/02/11,112944800,198937560,18,23,11,36,05,43,14,0,1,53,122,2568,3163,30003,41293,0,1826294,34458,9979,1303,1000,400,400,159037835,0,0,0,0
103000093,103/11/07,104/02/07,110992150,175082582,49,25,40,27,19,11,33,0,1,45,106,1867,2645,27244,34290,0,3910773,45049,12749,1990,1000,400,400,136817920,0,0,0,0
103000092,103/11/04,104/02/04,101302700,144953322,20,38,03,35,30,41,47,0,0,23,84,1737,2244,22875,32325,0,0,81893,14948,1988,1000,400,400,112153351,1883549,0,0,0
103000091,103/10/31,104/01/31,104677500,136019792,14,08,27,49,10,02,20,0,1,51,124,2396,3240,28349,39188,0,10791411,32138,8812,1254,1000,400,400,89236837,0,0,0,0
103000090,103/10/28,104/01/28,100440550,109200021,16,32,25,05,37,44,21,0,0,32,104,1610,2395,24071,30549,0,0,58123,11922,2117,1000,400,400,69294825,9152342,0,0,0
103000089,103/10/24,104/01/24,103306350,85366579,36,01,20,45,17,37,15,0,0,32,81,1661,2280,24844,31092,0,0,60307,15883,2130,1000,400,400,46665335,7292384,0,0,0
103000088,103/10/21,104/01/21,99453500,58156303,31,44,42,28,14,38,45,0,0,28,87,1593,2132,21945,30071,0,0,68059,14602,2193,1000,400,400,23185548,5362539,0,0,0
103000087,103/10/17,104/01/17,103650200,135618981,32,36,33,02,20,11,39,1,0,29,71,1924,2442,24212,33577,100000000,0,65068,17718,1798,1000,400,400,0,3456878,0,0,0
103000086,103/10/14,104/01/14,101116450,55614047,47,36,20,09,14,10,08,0,0,48,107,2238,3133,30279,35512,0,0,32705,9781,1286,1000,400,400,19100192,1569878,0,0,0
103000085,103/10/10,104/01/10,95572000,134127282,11,26,01,24,28,19,33,1,3,41,79,1981,2602,26327,35438,100000000,505132,36960,12788,1402,1000,400,400,0,0,0,0,0
103000084,103/10/07,104/01/07,102854600,56570030,45,40,17,47,18,41,29,0,2,26,75,1536,2201,23311,29383,0,998742,76826,17755,2384,1000,400,400,24302743,0,0,0,0
103000083,103/10/03,104/01/03,108018400,150895455,10,14,19,37,24,35,39,2,2,36,77,1934,2617,26239,36137,55512668,2807873,53071,16541,1811,1000,400,400,0,0,0,0,0
103000082,103/09/30,103/12/30,101577500,121534477,49,41,18,47,36,35,15,0,0,26,73,1769,2098,21860,30860,0,0,75419,17907,2032,1000,400,400,87780151,3705184,0,0,0
103000081,103/09/26,103/12/26,104791750,100335860,15,19,29,22,37,08,39,0,0,52,103,2476,2582,25524,39431,0,0,33543,11289,1291,1000,400,400,63922565,1744287,0,0,0
103000080,103/09/23,103/12/23,91180400,72287099,38,28,20,32,02,11,16,0,2,35,77,1686,2153,0,31359,0,1595367,91163,23021,3995,1000,0,400,42700398,0,0,0,0
103000079,103/09/19,103/12/19,96584650,53121557,06,17,29,02,32,39,04,0,1,28,96,1632,2340,0,31532,0,3435188,122685,19879,4443,1000,0,400,22137879,0,0,0,0
103000078,103/09/16,103/12/16,97445650,140736148,41,19,07,18,16,12,45,1,1,35,74,1826,2211,0,33893,100000000,12485068,97269,25558,3935,1000,0,400,0,0,0,0,0
103000077,103/09/12,103/12/12,104362500,62694265,27,49,02,36,31,23,15,0,0,36,95,1688,2647,0,31721,0,0,105159,22138,4734,1000,0,400,24397105,9080647,0,0,0
103000076,103/09/09,103/12/09,143518750,278955351,42,49,21,41,29,23,14,1,0,31,94,2155,3314,0,41973,234142663,0,170802,31293,5187,1000,0,400,0,5294890,0,0,0
103000075,103/09/05,103/12/05,145572900,253221680,16,25,32,10,36,27,45,0,1,51,112,2596,3234,0,46891,0,12046591,102484,25926,4250,1000,0,400,200020039,0,0,0,0
103000074,103/09/02,103/12/02,95693450,100233247,39,36,43,07,08,42,22,0,0,28,82,1592,2424,0,30165,0,0,122597,23256,4552,1000,0,400,66336716,6819869,0,0,0
103000073,103/08/29,103/11/29,96861350,75660182,39,38,21,23,10,09,35,0,0,45,92,1768,2430,0,33022,0,0,75269,20453,4044,1000,0,400,44214706,3387144,0,0,0
103000072,103/08/26,103/11/26,95666750,52616712,23,32,43,19,01,17,09,0,2,28,87,1577,2521,0,28746,0,1736879,124062,22182,4650,1000,0,400,22386440,0,0,0,0
103000071,103/08/22,103/11/22,103235700,145981401,43,08,23,30,16,31,18,2,2,45,93,2046,2566,0,36573,56080369,1781299,79168,21281,3675,1000,0,400,0,0,0,0,0
103000070,103/08/19,103/11/19,94965250,125888029,12,19,06,07,14,09,17,0,2,71,149,2735,3112,0,39787,0,3351056,42089,11142,2306,1000,0,400,89201766,0,0,0,0
103000069,103/08/15,103/11/15,102149550,102192614,47,46,29,23,18,48,05,0,0,40,96,1771,2456,0,31156,0,0,92843,21491,4426,1000,0,400,69943396,3713746,0,0,0
103000068,103/08/12,103/11/12,93928700,80469060,12,10,06,04,34,45,44,0,1,36,72,1840,2112,0,33045,0,7139538,90826,25229,3751,1000,0,400,46010362,0,0,0,0
103000067,103/08/08,103/11/08,102084050,56146227,32,42,26,45,38,31,37,0,0,24,71,1489,1984,0,27912,0,0,161240,30279,5486,1000,0,400,24938507,3869768,0,0,0
103000066,103/08/05,103/11/05,97575400,135045671,40,11,26,33,04,42,34,1,1,34,90,1943,2107,0,33663,100000000,6902361,100837,21163,3725,1000,0,400,0,0,0,0,0
103000065,103/08/01,103/11/01,98483700,54166035,45,08,21,32,05,23,18,0,0,44,95,2010,2447,0,32801,0,0,78951,20315,3648,1000,0,400,22387208,3473877,0,0,0
103000064,103/07/29,103/10/29,99571750,136219378,47,36,32,31,44,34,46,1,1,25,96,1476,2127,0,27515,100000000,9347994,149873,21683,5359,1000,0,400,0,0,0,0,0
103000063,103/07/25,103/10/25,155118450,360227761,45,30,21,32,05,35,26,1,0,52,110,2754,3462,0,49045,311008999,0,107714,28288,4293,1000,0,400,0,5601163,0,0,0
103000062,103/07/22,103/10/22,146404500,323417074,28,03,13,09,17,42,14,0,2,53,123,3237,3921,0,53495,0,2484156,93741,22440,3240,1000,0,400,274912614,0,0,0,0
103000061,103/07/18,103/10/18,143077350,293429553,19,15,21,02,30,01,40,0,1,49,107,2697,3159,0,48373,0,9485920,103195,26254,3958,1000,0,400,242894599,0,0,0,0
103000060,103/07/15,103/10/15,122148700,248944891,07,32,18,23,48,34,13,0,0,35,99,2082,2917,0,37625,0,0,126552,24855,4491,1000,0,400,210307681,4429330,0,0,0
103000059,103/07/11,103/10/11,112989750,222515318,07,18,30,01,15,14,33,0,2,37,101,2358,2610,0,40749,0,3787569,105165,21403,3483,1000,0,400,181763106,0,0,0,0
103000058,103/07/08,103/10/08,104194650,190252597,33,10,39,22,47,25,38,0,0,49,71,1877,2652,0,34304,0,0,75183,28826,4143,1000,0,400,156686945,3684011,0,0,0
103000057,103/07/04,103/10/04,102991450,169260050,48,14,24,17,27,03,28,0,2,35,115,1854,2651,0,33316,0,3458351,104574,17681,4167,1000,0,400,132945540,0,0,0,0
103000056,103/07/01,103/10/01,96234500,141300198,09,21,48,08,07,06,18,0,0,39,98,2145,2761,0,34959,0,0,83502,18461,3205,1000,0,400,109358160,3256593,0,0,0
103000055,103/06/27,103/09/27,99717050,121096966,35,34,36,27,13,21,24,0,3,45,128,1872,2970,0,34347,0,1144067,76271,14896,3870,1000,0,400,88371223,0,0,0,0
103000054,103/06/24,103/09/24,95417400,96975449,14,40,08,01,12,41,15,0,1,34,78,1697,2308,0,31650,0,3376041,99295,24045,4199,1000,0,400,66252589,0,0,0,0
103000053,103/06/20,103/09/20,98019550,90179719,14,36,12,16,33,47,48,0,1,32,62,1640,1956,0,30550,0,18395371,111753,32044,4603,1000,0,400,44495879,0,0,0,0
103000052,103/06/17,103/09/17,95972150,64275521,03,06,20,48,18,25,12,0,0,30,120,1637,3300,0,31256,0,0,110946,15409,4292,1000,0,400,21449723,14819244,0,0,0
103000051,103/06/13,103/09/13,109214700,142049147,28,32,37,42,04,21,16,1,0,39,97,1805,2505,0,32800,100267089,0,102560,22908,4678,1000,0,400,0,11490839,0,0,0
103000050,103/06/10,103/09/10,104901000,112693200,03,32,11,35,33,28,30,0,0,35,103,2024,2985,0,36092,0,0,103561,19550,3780,1000,0,400,74490100,7490962,0,0,0
103000049,103/06/06,103/09/06,106674850,84886176,41,29,47,49,25,40,48,0,0,26,138,1857,2812,0,32250,0,0,148704,15564,4395,1000,0,400,51131325,3866325,0,0,0
103000048,103/06/03,103/09/03,109006350,59953492,31,32,16,44,35,33,46,0,2,27,87,1785,2272,0,31208,0,2033923,150660,25976,4811,1000,0,400,26215009,0,0,0,0
103000047,103/05/30,103/08/30,183799350,423450647,21,09,17,35,24,30,15,1,4,97,230,4085,5157,0,66246,362632865,1562270,64423,15094,3229,1000,0,400,0,0,0,0,0
103000046,103/05/27,103/08/27,143587750,272577912,26,19,23,10,39,32,16,0,2,59,145,2751,3776,0,49199,0,4220238,84687,19144,3834,1000,0,400,222361005,0,0,0,0
103000045,103/05/23,103/08/23,96964050,121297042,30,11,22,46,17,27,15,0,0,22,71,1778,2440,0,31562,0,0,156540,26947,4089,1000,0,400,90160762,3443888,0,0,0
103000044,103/05/20,103/08/20,92056500,97533175,34,33,30,13,35,06,38,0,1,34,75,1771,2109,0,30509,0,3268662,96137,24212,3896,1000,0,400,67966815,0,0,0,0
103000043,103/05/16,103/08/16,98416400,88320931,45,41,31,42,14,38,29,0,1,20,74,1597,2003,0,28918,0,14464219,182514,27404,4825,1000,0,400,46902100,0,0,0,0
103000042,103/05/13,103/08/13,98769950,61509780,32,20,31,44,29,15,23,0,0,30,83,1561,2171,0,29614,0,0,120920,24281,4906,1000,0,400,23377985,10813926,0,0,0
103000041,103/05/09,103/08/09,103429200,152984028,13,01,27,21,37,11,03,2,0,43,109,1985,2903,0,35098,57837022,0,83603,18322,3823,1000,0,400,0,7186308,0,0,0
103000040,103/05/06,103/08/06,96670950,122531297,10,46,39,35,40,25,31,0,0,32,69,1515,1961,0,28260,0,0,112230,28915,5004,1000,0,400,92506607,3591361,0,0,0
103000039,103/05/02,103/08/02,100149050,102103594,01,25,37,23,07,40,12,0,1,32,130,1826,3186,0,33444,0,3466653,108332,14814,4007,1000,0,400,69362275,0,0,0,0
103000038,103/04/29,103/07/29,99631300,78198092,02,46,09,44,30,27,22,0,4,36,83,1538,2301,0,29427,0,916321,101813,24533,5031,1000,0,400,47021617,0,0,0,0
103000037,103/04/25,103/07/25,100622800,55342540,46,24,34,04,38,35,30,0,1,33,80,1696,2151,0,32113,0,3631170,110035,25216,4519,1000,0,400,23400877,0,0,0,0
103000036,103/04/22,103/07/22,100250000,140267972,18,37,20,11,12,15,42,1,1,36,89,2064,2263,0,36232,100000000,10846211,95954,21562,3533,1000,0,400,0,0,0,0,0
103000035,103/04/18,103/07/18,103283950,60388963,08,48,15,40,09,44,24,0,0,29,75,1636,2286,0,30493,0,0,131347,28215,4915,1000,0,400,24547323,7391858,0,0,0
103000034,103/04/15,103/07/15,103966900,134092694,26,44,24,08,35,05,41,2,0,42,66,2185,2461,0,37280,50000000,0,85304,30158,3461,1000,0,400,0,3582791,0,0,0
103000033,103/04/11,103/07/11,108775850,137646174,01,03,17,09,12,04,15,1,3,85,153,3069,3468,0,45291,100000000,1147269,40491,12497,2367,1000,0,400,0,0,0,0,0
103000032,103/04/08,103/07/08,105973250,81210878,28,27,17,01,45,14,11,0,3,45,133,2121,3355,0,37311,0,1200176,80011,15039,3583,1000,0,400,46129005,0,0,0,0
103000031,103/04/04,103/07/04,99116150,62761237,08,24,35,37,41,47,23,0,3,32,108,1769,2649,0,30845,0,3934924,111169,18299,4245,1000,0,400,22925591,0,0,0,0
103000030,103/04/01,103/07/01,112380550,195944047,46,18,29,30,47,22,06,1,0,29,87,1684,2524,0,31476,157172974,0,144915,26836,5268,1000,0,400,0,8247355,0,0,0
103000029,103/03/28,103/06/28,112023600,165636331,09,18,23,36,47,35,41,0,0,46,92,2046,2377,0,35734,0,0,87930,24425,4173,1000,0,400,130089931,4044814,0,0,0
103000028,103/03/25,103/06/25,108919250,142208910,19,25,47,42,30,23,16,0,3,30,89,1814,2328,0,33018,0,2669376,133111,24927,4647,1000,0,400,104023351,0,0,0,0
103000027,103/03/21,103/06/21,108988100,112358847,47,26,46,08,31,18,20,0,0,26,68,1691,2355,0,32449,0,0,154415,32800,5012,1000,0,400,78288527,4014796,0,0,0
103000026,103/03/18,103/06/18,112906700,89150396,26,40,35,39,12,28,16,0,1,38,107,2072,2749,0,39048,0,3935743,103572,20434,4010,1000,0,400,52415392,0,0,0,0
103000025,103/03/14,103/06/14,114016150,62708882,47,08,40,41,27,02,28,0,1,35,91,1711,2638,0,33575,0,4197679,119933,25626,5179,1000,0,400,27051711,0,0,0,0
103000024,103/03/11,103/06/11,118655200,136735172,40,20,15,16,13,43,14,1,3,35,96,1742,2561,0,33795,100000000,1475440,126466,25615,5364,1000,0,400,0,0,0,0,0
103000023,103/03/07,103/06/07,115346600,137113949,38,26,06,37,18,30,16,1,2,48,106,2185,2893,0,37892,100000000,2042587,85107,21410,3947,1000,0,400,0,0,0,0,0
103000022,103/03/04,103/06/04,117888450,141547172,43,08,40,35,37,26,06,1,3,43,75,2085,2643,0,37239,100000000,2799852,99000,31533,4310,1000,0,400,0,0,0,0,0
103000021,103/02/28,103/05/28,116192300,63905765,17,24,13,18,32,28,37,0,0,32,129,1987,2907,0,37426,0,0,129454,17840,4401,1000,0,400,26696451,4142552,0,0,0
103000020,103/02/25,103/05/25,147445850,228147635,13,09,05,03,46,12,04,1,1,58,159,2860,4223,0,51886,164469923,20181431,87079,17647,3728,1000,0,400,0,0,0,0,0
103000019,103/02/21,103/05/21,140264750,187760475,11,12,23,40,28,48,09,0,0,45,138,2517,4158,0,46508,0,0,108768,19704,4105,1000,0,400,131921590,15130828,0,0,0
103000018,103/02/18,103/05/18,137949100,148671664,47,19,06,26,32,20,35,0,0,38,100,2176,3053,0,40946,0,0,133675,28220,4928,1000,0,400,100378632,10236231,0,0,0
103000017,103/02/14,103/05/14,144576550,113928909,24,10,48,33,20,19,01,0,0,55,127,2431,3783,0,46097,0,0,93755,22557,4478,1000,0,400,67643082,5156577,0,0,0
103000016,103/02/11,103/05/11,146964550,89513183,15,31,21,06,44,22,41,0,1,37,104,2414,3133,0,45917,0,14022444,144317,28524,4669,1000,0,400,34411807,0,0,0,0
103000015,103/02/07,103/05/07,260755350,330079044,22,05,28,11,21,12,25,1,0,128,315,6261,7702,0,98098,242618662,0,67833,15313,2927,1000,0,400,0,8682681,0,0,0
103000014,103/02/04,103/05/04,382041100,310122605,19,46,32,12,42,08,28,0,5,121,382,6916,10465,0,125594,0,2689560,111138,19557,4104,1000,0,400,186663602,0,0,0,0
103000013,103/02/03,103/05/03,312885200,201322534,02,16,27,30,17,01,48,2,3,109,249,6033,7289,0,106976,50000000,3660223,100740,24499,3842,1000,0,400,0,0,0,0,0
103000012,103/02/02,103/05/02,365275250,216578907,14,45,03,24,19,13,05,1,3,101,307,6329,8977,0,116352,100000000,4361507,129549,23678,4364,1000,0,400,0,0,0,0,0
103000011,103/02/01,103/05/01,673933050,668825176,36,37,13,19,09,06,27,2,7,239,635,12970,17491,0,230016,224819074,3357845,98346,20564,3825,1000,0,400,0,0,0,0,0
103000010,103/01/31,103/04/30,670393200,510859037,38,17,23,49,48,27,19,0,4,213,529,11575,15594,0,210309,0,6052469,113661,25425,4415,1000,0,400,298161999,0,0,0,0
103000009,103/01/30,103/04/30,608966100,334931355,09,22,49,48,45,44,08,0,6,194,499,10456,14626,0,188079,0,3676106,113694,24556,4453,1000,0,400,142142777,0,0,0,0
103000008,103/01/28,103/04/28,157096650,218922795,02,30,07,26,05,01,24,2,2,78,179,3905,4402,0,59732,80491735,5234383,67048,16231,2827,1000,0,400,0,0,0,0,0
103000007,103/01/24,103/04/24,143544500,172467560,04,20,29,41,45,01,36,0,0,41,127,2236,3275,0,43658,0,0,127780,22917,4946,1000,0,400,127280624,5239014,0,0,0
103000006,103/01/21,103/04/21,132900400,141270573,22,43,12,44,38,15,09,0,1,57,116,2254,3590,0,42839,0,9744912,82688,22573,4414,1000,0,400,93518085,0,0,0,0
103000005,103/01/17,103/04/17,141157800,108354326,20,29,13,15,26,36,37,0,0,44,122,2579,3260,0,46174,0,0,114355,22912,4118,1000,0,400,63143706,5031647,0,0,0
103000004,103/01/14,103/04/14,128619400,70740670,11,49,02,45,41,21,26,0,2,30,86,1996,2747,0,37581,0,2383257,158883,30791,5041,1000,0,400,30717536,0,0,0,0
103000003,103/01/10,103/04/10,140617450,149849635,07,19,17,30,37,32,03,1,1,58,148,2605,4097,0,44905,100000000,9548037,85780,18675,4031,1000,0,400,0,0,0,0,0
103000002,103/01/07,103/04/07,132190750,106318850,01,07,25,36,21,35,39,0,0,37,117,2622,3305,0,46478,0,0,123588,21713,3681,1000,0,400,63082990,4572784,0,0,0
103000001,103/01/03,103/04/03,146792850,80736067,11,35,21,18,37,20,08,0,2,36,128,2682,3829,0,47380,0,2607978,144887,22638,4105,1000,0,400,33613938,0,0,0,0
